OBJECT_TYPE;TABLE_CATALOG;TABLE_SCHEMA;OBJECT_NAME;DATA_AREA;OBJECT_TYPE;DESCRIPTION;BUSINESS_OWNER_PERSON;BUSINESS_OWNER_DEPARTMENT;DATA_SME;ACTIVE_FLAG;SQL_SAMPLES
TABLE;MO;dbo;L0000__COMMON_LOG;DATAPLATFORM;WORK;Til overvågning af de daglige flows logges alle fejl og kørselsinfo i denne tabel;;;;1;
TABLE;MO;dbo;L0000__CONTROLS;DATAPLATFORM;SKAL SLETTES;;;;;1;
TABLE;MO;dbo;L0000__CONTROLS_OLD;DATAPLATFORM;SKAL SLETTES;;;;;1;
TABLE;MO;dbo;L0000__LOAD_INFO;DATAPLATFORM;WORK;Tabel til håndtering af daglige flows, hvor versions id er nødvendigt;;;;1;
TABLE;MO;dbo;L0000__LOAD_SCHEDULER;DATAPLATFORM;WORK;Tabel til håndtering af daglige flows;;;;1;
VIEW;MO;dbo;L0000__OBJ_HIERARCHY_V;DATAPLATFORM;WORK;Anvendes til at gennemgå alle SQL objekter for hardcode værdier f.eks 2026-V1 investeringstruktur;;;;1;
TABLE;MO;dbo;L0000_DVR_ROLLER;MASTERDATA;WORK;Data fra DVR_Roller skives i denne tabel;;;;1;
VIEW;MO;dbo;L0000_DVR_ROLLER_V;MASTERDATA;PRESENTATION;Udstilling af DVR roller fordelt pr. uge ;;;;1;
TABLE;MO;dbo;L0000_FX_RATES;MASTERDATA;PRESENTATION;Udstilling af valutakurser og forskellige kryds;;;;1;
TABLE;MO;dbo;L0000_MD_COUNTRY;MASTERDATA;PRESENTATION;Udstilling af landestamdata;;;;1;
TABLE;MO;dbo;L0000_MD_GICS_CODES;MASTERDATA;PRESENTATION;Udstilling af GICS industri kode stamdata ;;;;1;
TABLE;MO;dbo;L0000_MD_INVESTERINGER;MASTERDATA;PRESENTATION;Udstilling af investeringsstamdata på SECID.    Beskrivelser, Administrator, forvalter, prismetode;;;;1;
TABLE;MO;dbo;L0000_MD_KALENDER;MASTERDATA;PRESENTATION;Udstilling af kalender infomation, bankdage etc.;;;;1;
TABLE;MO;dbo;L0000_MD_KASSER;MASTERDATA;PRESENTATION;Udstilling af stamdata vedrørende PKA pensionskasser;;;;1;
TABLE;MO;dbo;L0000_MD_MODEL_PORTFOLIO;MASTERDATA;PRESENTATION;Udstilling af stamdata vedrørende model porteføljer;;;;1;
TABLE;MO;dbo;L0000_MD_MODEL_PORTFOLIO_FULL_PERF_STRUCTURE;MASTERDATA;OLD;SKAL UDSØGES NÆRMERE;;;;1;
TABLE;MO;dbo;L0000_MD_MODEL_PORTFOLIO_OLD;MASTERDATA;OLD;SKAL UDSØGES NÆRMERE;;;;1;
TABLE;MO;dbo;L0000_MD_NACE_CODES;MASTERDATA;PRESENTATION;Udstilling af stamdata vedr. nacekoder;;;;1;
TABLE;MO;dbo;L0000_MD_NACE_TO_GICS;MASTERDATA;PRESENTATION;Mapping mellem NACE til GICS koder;;;;1;
TABLE;MO;dbo;L0000_MD_PERFORMANCE_NODE;MASTERDATA;PRESENTATION;Udstilling af performance node stamdata. Link til performance i SCD, Rap struktur, Risicomapping etc.;;;;1;
TABLE;MO;dbo;L0000_MD_TRIGGERLIMITS_Test;MASTERDATA;PRESENTATION;SKAL UDSØGES NÆRMERE. Afvender tilbagemelding fra Esben;;;;1;
VIEW;MO;dbo;L0000_PERFORMANCE_NODE_RAP_V;PERFORMANCE;WORK;Anvendes til at beregne total niveauer (Level1, Level2, Level3 og level4 udfra [L0000_MD_PERFORMANCE_NODE];;;;1;
TABLE;MO;dbo;L0001_PERFORMANCE_AUM_PAL_PAYABLE;PERFORMANCE;WORK;Anvendes til at udstille skyldig PAL på latest og fixed til ultimo dataset.  Denne tabel anvendes af risiko i deres RISIKO model;;;;1;
TABLE;MO;dbo;L0001_PERFORMANCE_CALC_LOAD_DATA_010_RAW;PERFORMANCE;WORK;Anvendes til indlæsning af det daglig RAP flow;;;;1;
TABLE;MO;dbo;L0001_PERFORMANCE_CALC_LOAD_DATA_015_RAW_HIST;PERFORMANCE;WORK;Anvendes til indlæsning af det daglig RAP flow;;;;1;
TABLE;MO;dbo;L0001_PERFORMANCE_CALC_LOAD_DATA_020_LENS;PERFORMANCE;WORK;Anvendes til indlæsning af det daglig RAP flow;;;;1;
TABLE;MO;dbo;L0001_PERFORMANCE_CALC_LOAD_DATA_030_TRS_ALLOCATION_CONFIG;PERFORMANCE;WORK;Anvendes til indlæsning af det daglig RAP flow;;;;1;
TABLE;MO;dbo;L0001_PERFORMANCE_CALC_LOAD_DATA_040_TRS_ALLOCATION_BUILDING_BLOCK;PERFORMANCE;WORK;Anvendes til indlæsning af det daglig RAP flow;;;;1;
TABLE;MO;dbo;L0001_PERFORMANCE_CALC_LOAD_DATA_050_TRS_ALLOCATION_NODE_ID;PERFORMANCE;WORK;Anvendes til indlæsning af det daglig RAP flow;;;;1;
TABLE;MO;dbo;L0001_PERFORMANCE_CALC_LOAD_DATA_060_ADM_FEE;PERFORMANCE;WORK;Anvendes til indlæsning af det daglig RAP flow;;;;1;
TABLE;MO;dbo;L0001_PERFORMANCE_CALC_LOAD_DATA_090_INVEST_RISC_INTEREST_DKK;PERFORMANCE;WORK;Anvendes til indlæsning af det daglig RAP flow;;;;1;
TABLE;MO;dbo;L0001_PERFORMANCE_CALC_LOAD_DATA_095_INVEST_RISC_BENCHMARK_DKK;PERFORMANCE;WORK;Anvendes til indlæsning af det daglig RAP flow;;;;1;
TABLE;MO;dbo;L0001_PERFORMANCE_CALC_LOAD_DATA_150_PERFORMANCE_NODE_TOTAL_LEVEL;PERFORMANCE;WORK;Anvendes til indlæsning af det daglig RAP flow;;;;1;
TABLE;MO;dbo;L0001_PERFORMANCE_CALC_LOAD_DATA_300_DATASET_BEFORE_TOTALS;PERFORMANCE;WORK;Anvendes til indlæsning af det daglig RAP flow;;;;1;
TABLE;MO;dbo;L0001_PERFORMANCE_CALC_LOAD_DATA_310_TOTAL_CAL_DETAILS;PERFORMANCE;WORK;Anvendes til indlæsning af det daglig RAP flow;;;;1;
TABLE;MO;dbo;L0001_PERFORMANCE_CALC_LOAD_DATA_320_TOTAL_CAL;PERFORMANCE;WORK;Anvendes til indlæsning af det daglig RAP flow;;;;1;
TABLE;MO;dbo;L0001_PERFORMANCE_CALC_LOAD_DATA_400_FINAL;PERFORMANCE;WORK;Anvendes til indlæsning af det daglig RAP flow;;;;1;
TABLE;MO;dbo;L0001_PERFORMANCE_CALC_LOAD_DATA_410_PK50_EXCEPTIONS;PERFORMANCE;WORK;Anvendes til indlæsning af det daglig RAP flow;;;;1;
TABLE;MO;dbo;L0001_PERFORMANCE_CALC_LOAD_DATA_430_CORRECT_AGG_LEVEL_2_BM;PERFORMANCE;WORK;Anvendes til indlæsning af det daglig RAP flow;;;;1;
TABLE;MO;dbo;L0001_PERFORMANCE_CALC_MANUAL_CORRECTION;PERFORMANCE;WORK;Tabel til håndtering af manuelle korrektioner af RAP tal  (Justering på toppen) f.eks afkast på Hedgefonde og Stats- og realkreditobligationer;;;;1;
TABLE;MO;dbo;L0001_PERFORMANCE_CALC_RAP;PERFORMANCE;WORK;Tabel med alle RAP tal.Sluttabel for det daglige flow;;;;1;
VIEW;MO;dbo;L0001_PERFORMANCE_CALC_RAP_V_ALL;PERFORMANCE;PRESENTATION;Udstiller alle versioner af data;SUSANNE ;DVR;MAJKEN;1;
VIEW;MO;dbo;L0001_PERFORMANCE_CALC_RAP_V_ALL_CONTROLLING;PERFORMANCE;WORK;Udstiller de forskellige version af data for en låst periode, Anvendes i month-end processen til at udstille ændringer mellem de forskellige versionsid'er;;;;1;
VIEW;MO;dbo;L0001_PERFORMANCE_CALC_RAP_V_FIXED;PERFORMANCE;PRESENTATION;Udstiller den version af data, som anvendes til månedsrapporter til bestyrelserne;SUSANNE ;DVR;MAJKEN;1;
VIEW;MO;dbo;L0001_PERFORMANCE_CALC_RAP_V_LATEST;PERFORMANCE;PRESENTATION;Udstiller den seneste version af data;SUSANNE ;DVR;MAJKEN;1;L0001_PERFORMANCE_CALC_RAP_V_LATEST.sql
TABLE;MO;dbo;L0001_PERFORMANCE_CALC_REPORTS_CALENDAR;PERFORMANCE;WORK;Håndtering af dato relateret til investeringsstruktur. En dato link til en investeringsstruktur;SUSANNE ;DVR;MAJKEN;1;
TABLE;MO;dbo;L0001_PERFORMANCE_CALC_REPORTS_MAPPING;PERFORMANCE;WORK;Håndtering af Performance_report_name og link til investeringsstruktur og med eller uden FX.  Denne tabel anvendes til at definere RC, RC_U_FX og QC_U_FX;;;;1;
TABLE;MO;dbo;L0001_PERFORMANCE_CALC_RERUN_DATA;PERFORMANCE;WORK;Anvendes til udarbejdes af RAP i excel format;SUSANNE ;DVR;MAJKEN;1;
TABLE;MO;dbo;L0001_PERFORMANCE_CALC_STRATEGIC_BENCHMARK;PERFORMANCE;;;;;;1;
TABLE;MO;dbo;L0001_PERFORMANCE_CALC_STRATEGIC_BENCHMARK_RISIKO_BASERET_OLD;PERFORMANCE;OLD;tabel der håndterede det gamle setup (excel baseret). Er erstattet af view hos Risiko;;;;1;
VIEW;MO;dbo;L0001_PERFORMANCE_CALC_STRATEGIC_BENCHMARK_RISIKO_BASERET_V;PERFORMANCE;WORK;Anvendes til at udstille Strategisk Benchmark Risiko baseret. Kilde er [Risiko].[dbo].[vMO_SBM];;;;1;
TABLE;MO;dbo;L0001_PERFORMANCE_CALC_TRS_ALLOCATION_CONFIG;PERFORMANCE;WORK;Tabel til håndtering af vægte pr. aktive klasse på TRS fordelingerne. Setup'et anvendes ikke mere. Der er bevidst ikke lukket for dette, hvis fordeling af TRS skulle genindføres;;;;0;
TABLE;MO;dbo;L0001_PERFORMANCE_FEE;PERFORMANCE;WORK;Fra Excel ark;;;;1;
VIEW;MO;dbo;L0001_PERFORMANCE_FEE_V;PERFORMANCE;PRESENTATION;Udstilling af fees PKA administration;;;;1;
TABLE;MO;dbo;L0001_PERFORMANCE_MO_MONTHEND_CONFIG;PERFORMANCE;WORK;Tabel der anvendes til at styre latest version af performance.  Versionsid angives pr. data, pr. detail level (Agg og Kasser);;;;1;
TABLE;MO;dbo;L0001_PERFORMANCE_MR_AFKAST;PERFORMANCE;WORK;Markedsrente afkast for PK50 dumpes her. Kilde er en Excel leverance;;;;1;
VIEW;MO;dbo;L0001_PERFORMANCE_NODE_TRANS_KASSE_TEMP_V;PERFORMANCE;;;;;;1;
TABLE;MO;dbo;L0001_PERFORMANCE_RAP_COMMENTS;PERFORMANCE;WORK;Udstiller DVR kommentar til en RAP dataset.    Evt. udstående eller fejlagtige data, fejlberegninger etc;;;;1;
VIEW;MO;dbo;L0001_PERFORMANCE_RAP_EXCEL_AGG_FIXED_V;PERFORMANCE;WORK;Anvendes til udarbejdes af RAP i excel format;SUSANNE ;DVR;MAJKEN;1;
VIEW;MO;dbo;L0001_PERFORMANCE_RAP_EXCEL_AGG_LATEST_V;PERFORMANCE;WORK;Anvendes til udarbejdes af RAP i excel format;SUSANNE ;DVR;MAJKEN;1;
TABLE;MO;dbo;L0001_PERFORMANCE_RAP_EXCEL_DATES;PERFORMANCE;WORK;Anvendes til udarbejdes af RAP i excel format;SUSANNE ;DVR;MAJKEN;1;
VIEW;MO;dbo;L0001_PERFORMANCE_RAP_EXCEL_KASSER_FIXED_V;PERFORMANCE;WORK;Anvendes til udarbejdes af RAP i excel format;SUSANNE ;DVR;MAJKEN;1;
VIEW;MO;dbo;L0001_PERFORMANCE_RAP_EXCEL_KASSER_LATEST_V;PERFORMANCE;WORK;Anvendes til udarbejdes af RAP i excel format;SUSANNE ;DVR;MAJKEN;1;
TABLE;MO;dbo;L0001_PERFORMANCE_RAP_EXCEL_PRIOR_PERIODS_MV;PERFORMANCE;WORK;Anvendes til udarbejdes af RAP i excel format;SUSANNE ;DVR;MAJKEN;1;
TABLE;MO;dbo;L0001_PERFORMANCE_RECONCILATION_AGG;OLD;WORK;SKAL UDSØGES NÆRMERE;;;;1;
TABLE;MO;dbo;L0001_PERFORMANCE_RECONCILATION_KASSER;OLD;WORK;SKAL UDSØGES NÆRMERE;;;;1;
TABLE;MO;dbo;L0001_PERFORMANCE_RECONCILATION_KASSER2;OLD;WORK;SKAL UDSØGES NÆRMERE;;;;1;
TABLE;MO;dbo;L0001_PERFORMANCE_RECONCILATION_V1;OLD;WORK;SKAL UDSØGES NÆRMERE;;;;1;
TABLE;MO;dbo;L0001_PERFORMANCE_STRATEGIC_BENCHMARK_CONFIG_OLD;PERFORMANCE;WORK;SKAL UDSØGES NÆRMERE;;;;1;
TABLE;MO;dbo;L0001_PERFORMANCE_STRATEGIC_BENCHMARK_RISIKO_BASERET;PERFORMANCE;WORK;SKAL UDSØGES NÆRMERE;;;;1;
TABLE;MO;dbo;L0001_PERFORMANCE_TRANS_KASSE_EXPENSES;PERFORMANCE;WORK;SKAL UDSØGES NÆRMERE;;;;1;
TABLE;MO;dbo;L0001_PERFORMANCE_TRANS_KASSE_RESULT;PERFORMANCE;WORK;SKAL UDSØGES NÆRMERE;;;;1;
TABLE;MO;dbo;L0001_PERFORMANCE_TRANS_KASSE_RISIKO_MP;PERFORMANCE;WORK;SKAL UDSØGES NÆRMERE;;;;1;
TABLE;MO;dbo;L0001_PERFORMANCE_TRANS_KASSE_RISIKO_STRATEGISK_BM;PERFORMANCE;WORK;SKAL UDSØGES NÆRMERE;;;;1;
TABLE;MO;dbo;L0001_PERFORMANCE_TRANS_KASSE_SCD;PERFORMANCE;WORK;SKAL UDSØGES NÆRMERE;;;;1;
TABLE;MO;dbo;L0001_PERFORMANCE_TRANS_KASSE_TRS;PERFORMANCE;WORK;SKAL UDSØGES NÆRMERE;;;;1;
TABLE;MO;dbo;L0001_PERFORMANCE_TRANS_SKYLDIG_PAL;PERFORMANCE;WORK;Skyldig PAL fremkommer i denne tabel;;;;1;
TABLE;MO;dbo;L0001_PERFORMANCE_TRS_ALLOCATION_CONFIG;OLD;WORK;SKAL UDSØGES NÆRMERE;;;;1;
TABLE;MO;dbo;L0001_PERFORMANCE_TRS_ALLOCATION_CONFIG_TRANS;OLD;WORK;SKAL UDSØGES NÆRMERE;;;;1;
TABLE;MO;dbo;L0001_PERFORMANCE_TRS_ALLOCATION_TRANS;OLD;WORK;SKAL UDSØGES NÆRMERE;;;;1;
TABLE;MO;dbo;L0002_00_SCD_SEC_MV;GENNEMLYSNING;;;;;;1;
VIEW;MO;dbo;L0002_00_SCD_SEC_MV_V;GENNEMLYSNING;;;;;;1;
TABLE;MO;dbo;L0002_01_STAT_REAL_EIB_WEIGHT;GENNEMLYSNING;;;;;;1;
TABLE;MO;dbo;L0002_01_STAT_REAL_OBLIGATIONER_GENNEMLYST;GENNEMLYSNING;;;;;;1;
TABLE;MO;dbo;L0002_01_STAT_REAL_OBLIGATIONER_GENNEMLYST_010_PRE;GENNEMLYSNING;;;;;;1;
TABLE;MO;dbo;L0002_01_STAT_REAL_OBLIGATIONER_GENNEMLYST_020_WEIGHT_CALC;GENNEMLYSNING;;;;;;1;
TABLE;MO;dbo;L0002_03_HY_NPA;GENNEMLYSNING;;;;;;1;
TABLE;MO;dbo;L0002_03_HY_OTHER_MAPPING_LAND;GENNEMLYSNING;;;;;;1;
TABLE;MO;dbo;L0002_03_HY_OTHER_MAPPING_SEKTOR;GENNEMLYSNING;;;;;;1;
TABLE;MO;dbo;L0002_04_EM_GLOBAL_EVOLUTION_NAV_REPORT;GENNEMLYSNING;;;;;;1;
VIEW;MO;dbo;L0002_04_EM_GLOBAL_EVOLUTION_NAV_REPORT_V;GENNEMLYSNING;;;;;;1;
TABLE;MO;dbo;L0002_04_EM_GLOBAL_EVOLUTION_POSITION_REPORT;GENNEMLYSNING;;;;;;1;
TABLE;MO;dbo;L0002_04_EM_SAMLET_GENNEMLYSNING;GENNEMLYSNING;;;;;;1;
TABLE;MO;dbo;L0002_05_NOTERET_AKTIERAPPORT_HISTORISK;GENNEMLYSNING;WORK;Historisk aktiegennemlysningstal udstilles her. Sidste dataset er pr. 2023-03-31;Christian Kaae Eriksen;Investering;Claus;1;
TABLE;MO;dbo;L0002_05_NOTERET_AKTIERAPPORT_NUV;GENNEMLYSNING;WORK;Nye aktiegennemlysningstal udstilles i denne tabel;Christian Kaae Eriksen;Investering;Claus;1;
VIEW;MO;dbo;L0002_05_NOTERET_AKTIERAPPORT_V;GENNEMLYSNING;PRESENTATION;Udstilling af aktiegennemlysning ;Christian Kaae Eriksen;Investering;Claus;1;
TABLE;MO;dbo;L0002_05_NOTERET_MIN_VOL;GENNEMLYSNING;Måske OLD;SKAL UDSØGES NÆRMERE;;;;1;
TABLE;MO;dbo;L0002_05_NOTERET_MIN_VOL_BLACKROCK;GENNEMLYSNING;Måske OLD;SKAL UDSØGES NÆRMERE;;;;1;
TABLE;MO;dbo;L0002_05_NOTERET_MIN_VOL_BLACKROCK_MAPPING;GENNEMLYSNING;Måske OLD;SKAL UDSØGES NÆRMERE;;;;1;
TABLE;MO;dbo;L0002_05_NOTERET_NPA_POSITION_REPORT;GENNEMLYSNING;PRESENTATION;Positionsrapporter fra NPA (Nykredit) udstilles i denne tabel;;;;1;
TABLE;MO;dbo;L0002_06_UNOTERET_IIP_DETAILS;GENNEMLYSNING;Måske OLD;SKAL UDSØGES NÆRMERE, erstattet af nyt IIP setup;;;;1;
TABLE;MO;dbo;L0002_06_UNOTERET_IIP_KEY;GENNEMLYSNING;Måske OLD;SKAL UDSØGES NÆRMERE, erstattet af nyt IIP setup;;;;1;
TABLE;MO;dbo;L0002_06_UNOTERET_IIP_PERFCALC_OLD;GENNEMLYSNING;Måske OLD;SKAL UDSØGES NÆRMERE, erstattet af nyt IIP setup;;;;1;
TABLE;MO;dbo;L0002_06_UNOTERET_IIP_RISK_ASSESSMENT;GENNEMLYSNING;Måske OLD;SKAL UDSØGES NÆRMERE, erstattet af nyt IIP setup;;;;1;
TABLE;MO;dbo;L0002_06_UNOTERET_IIP_VALUATION_OUTPUT_BASE;GENNEMLYSNING;Måske OLD;SKAL UDSØGES NÆRMERE, erstattet af nyt IIP setup;;;;1;
TABLE;MO;dbo;L0002_06_UNOTERET_IIP_VALUATION_OUTPUT_LOCAL;GENNEMLYSNING;Måske OLD;SKAL UDSØGES NÆRMERE, erstattet af nyt IIP setup;;;;1;
TABLE;MO;dbo;L0002_06_UNOTERET_MAJINVEST_DETAILS;GENNEMLYSNING;PRESENTATION;Tabel der udstiller de underliggende investering (Level3) i MajInvest fonde (Company Name, Land, Industri);;;;1;
TABLE;MO;dbo;L0002_06_UNOTERET_MAJINVEST_KEY;GENNEMLYSNING;PRESENTATION;SKAL UDSØGES NÆRMERE. Der fremkommer vægte per. Kasse - Hvor anvendes disse henne ?;;;;1;
TABLE;MO;dbo;L0002_06_UNOTERET_MAJINVEST_RISK_ASSESSMENT;GENNEMLYSNING;PRESENTATION;Tabel der udstilles Risk Assesment for Maj Invest på de underliggende investeringer (Level2);;;;1;
TABLE;MO;dbo;L0002_06_UNOTERET_MAJINVEST_SECID_MAPPING;GENNEMLYSNING;Måske OLD;SKAL UDSØGES NÆRMERE. MajInvest levere nu PKA_SEC_ID. Derfor er der ikke behov for denne tabel;;;;1;
TABLE;MO;dbo;L0002_06_UNOTERET_MAJINVEST_SUMMARY;GENNEMLYSNING;PRESENTATION;Tabel der udstiller fonds metrikker commitment, performance etc på Maj Invest fonde;;;;1;
TABLE;MO;dbo;L0002_06_UNOTERET_PKA_EGENBOG_DETAILS;GENNEMLYSNING;PRESENTATION;Tabel der udstiller de gennemlysningsinfo  (Company Name, Land, Industri) på PKA egne investeringer;;;;1;
TABLE;MO;dbo;L0002_06_UNOTERET_PKA_EGENBOG_RISK_ASSESSMENT;GENNEMLYSNING;PRESENTATION;Tabel der udstilles Risk Assesment for PKA egne investeringer;;;;1;
TABLE;MO;dbo;L0002_06_UNOTERET_SAMLET_GENNEMLYSNING;GENNEMLYSNING;;;;;;1;
TABLE;MO;dbo;L0002_07_INFRASTRUKTUR_AIP_DETAILS;GENNEMLYSNING;;;;;;1;
TABLE;MO;dbo;L0002_07_INFRASTRUKTUR_AIP_GEARING;GENNEMLYSNING;;;;;;1;
TABLE;MO;dbo;L0002_07_INFRASTRUKTUR_AIP_MODPART_RATING_MAPPING;GENNEMLYSNING;;;;;;1;
TABLE;MO;dbo;L0002_07_INFRASTRUKTUR_AIP_MODPART_RISIKO;GENNEMLYSNING;;;;;;1;
TABLE;MO;dbo;L0002_07_INFRASTRUKTUR_AIP_MODPART_RISIKO_RAW;GENNEMLYSNING;;;;;;1;
TABLE;MO;dbo;L0002_07_INFRASTRUKTUR_AIP_MODPART_SEC_MAPPING;GENNEMLYSNING;;;;;;1;
TABLE;MO;dbo;L0002_07_INFRASTRUKTUR_SAMLET_GENNEMLYSNING;GENNEMLYSNING;;;;;;1;
TABLE;MO;dbo;L0002_08_EJENDOM_DEAS;GENNEMLYSNING;Måske OLD;SKAL UDSØGES NÆRMERE;;;;1;
TABLE;MO;dbo;L0002_08_EJENDOM_DEAS_EJERANDELE;GENNEMLYSNING;Måske OLD;SKAL UDSØGES NÆRMERE;;;;1;
VIEW;MO;dbo;L0002_08_EJENDOM_DEAS_EJERANDELE_V;GENNEMLYSNING;Måske OLD;SKAL UDSØGES NÆRMERE;;;;1;
TABLE;MO;dbo;L0002_08_EJENDOM_NEWSEC;GENNEMLYSNING;Måske OLD;SKAL UDSØGES NÆRMERE;;;;1;
TABLE;MO;dbo;L0002_08_EJENDOM_NEWSEC_EJERANDELE;GENNEMLYSNING;Måske OLD;SKAL UDSØGES NÆRMERE;;;;1;
VIEW;MO;dbo;L0002_08_EJENDOM_NEWSEC_EJERANDELE_V;GENNEMLYSNING;Måske OLD;SKAL UDSØGES NÆRMERE;;;;1;
TABLE;MO;dbo;L0002_08_EJENDOM_PATRIZIA_COUNTRIES;GENNEMLYSNING;WORK;Gennemlysningsdata fra Patrizia gemmes i denne tabel. Kilde Excel;SUSANNE;DVR;CLAUS;1;
TABLE;MO;dbo;L0002_08_EJENDOM_PATRIZIA_MEASURES;GENNEMLYSNING;WORK;Gennemlysningsdata fra Patrizia gemmes i denne tabel. Kilde Excel;SUSANNE;DVR;CLAUS;1;
TABLE;MO;dbo;L0002_08_EJENDOM_PATRIZIA_SECTORS;GENNEMLYSNING;WORK;Gennemlysningsdata fra Patrizia gemmes i denne tabel. Kilde Excel;SUSANNE;DVR;CLAUS;1;
TABLE;MO;dbo;L0002_08_EJENDOM_PATRIZIA_SHARES;GENNEMLYSNING;WORK;Gennemlysningsdata fra Patrizia gemmes i denne tabel. Kilde Excel;SUSANNE;DVR;CLAUS;1;
TABLE;MO;dbo;L0002_20_BISTANDSFONDE;GENNEMLYSNING;WORK;Udbetalt beløb fra biastandsfonde udstilles i denne tabel. Anvendes til bestyrelsesrammer;SUSANNE;DVR;CLAUS;1;
TABLE;MO;dbo;L0002_20_BISTANDSFONDE_OLD;GENNEMLYSNING;OLD;SKAL UDSØGES NÆRMERE;;;;1;
TABLE;MO;dbo;L0002_21_MARKEDSRENTE_AFKAST;GENNEMLYSNING;;SKAL UDSØGES NÆRMERE;;;;1;
TABLE;MO;dbo;L0002_21_MARKEDSRENTE_ALLOKERING;GENNEMLYSNING;;SKAL UDSØGES NÆRMERE;;;;1;
VIEW;MO;dbo;L0002_21_MARKEDSRENTE_ALLOKERING_V;GENNEMLYSNING;;SKAL UDSØGES NÆRMERE;;;;1;
TABLE;MO;dbo;L0002_21_MARKEDSRENTE_ANDELE;GENNEMLYSNING;WORK;;;;;1;
VIEW;MO;dbo;L0002_21_MARKEDSRENTE_ANDELE_V;GENNEMLYSNING;WORK;;;;;1;
TABLE;MO;dbo;L0002_21_MARKEDSRENTE_EKSPONERING;GENNEMLYSNING;WORK;;;;;1;
TABLE;MO;dbo;L0002_EIOPA_RENTEKURVE_FINANSTILSYNET;GENNEMLYSNING;WORK;Tabel der udstiller rentekurver fra finanstilsynets hjemmeside;;;;1;
VIEW;MO;dbo;L0002_GENNEMLYSNING_UNDERLIGGENDE_V;GENNEMLYSNING;Måske OLD;SKAL UDSØGES NÆRMERE;;;;1;
VIEW;MO;dbo;L0002_GENNEMLYSNING_V;GENNEMLYSNING;Måske OLD;SKAL UDSØGES NÆRMERE;;;;1;
TABLE;MO;dbo;L0002_IIP_CAPITAL_CALL;GENNEMLYSNING;WORK;Data fra SMTP placeret i denne tabel;SUSANNE;DVR;CLAUS;0;
TABLE;MO;dbo;L0002_IIP_COMMITMENTS_LEVEL1;GENNEMLYSNING;WORK;Data fra SMTP placeret i denne tabel;SUSANNE;DVR;CLAUS;1;
TABLE;MO;dbo;L0002_IIP_COMMITMENTS_LEVEL2;GENNEMLYSNING;WORK;Data fra SMTP placeret i denne tabel;SUSANNE;DVR;CLAUS;1;
TABLE;MO;dbo;L0002_IIP_DETAILED_DATA;GENNEMLYSNING;WORK;Data fra SMTP placeret i denne tabel;SUSANNE;DVR;CLAUS;1;
VIEW;MO;dbo;L0002_IIP_DETAILED_DATA_LATEST_V;GENNEMLYSNING;WORK;Data fra SMTP placeret i denne tabel;SUSANNE;DVR;CLAUS;1;
TABLE;MO;dbo;L0002_IIP_KRONER_FOLSOMHED;GENNEMLYSNING;WORK;Data fra SMTP placeret i denne tabel;SUSANNE;DVR;CLAUS;1;
TABLE;MO;dbo;L0002_IIP_MD_INVESTMENT;GENNEMLYSNING;WORK;Data fra SMTP placeret i denne tabel;SUSANNE;DVR;CLAUS;1;
VIEW;MO;dbo;L0002_IIP_MD_INVESTMENT_LATEST_V;GENNEMLYSNING;WORK;Data fra SMTP placeret i denne tabel;SUSANNE;DVR;CLAUS;1;
TABLE;MO;dbo;L0002_IIP_MD_PROGRAM;GENNEMLYSNING;WORK;Data fra SMTP placeret i denne tabel;SUSANNE;DVR;CLAUS;1;
TABLE;MO;dbo;L0002_IIP_MSCI_INDEX_MAPPING;GENNEMLYSNING;WORK;Data fra SMTP placeret i denne tabel;SUSANNE;DVR;CLAUS;1;
TABLE;MO;dbo;L0002_IIP_NAV;GENNEMLYSNING;WORK;Data fra SMTP placeret i denne tabel;SUSANNE;DVR;CLAUS;1;
VIEW;MO;dbo;L0002_IIP_NAV_BASE_LATEST_V;GENNEMLYSNING;PRESENTATION;Udstilling af IIP NAV værdier i BASE /Reporting currency;SUSANNE;DVR;CLAUS;1;
VIEW;MO;dbo;L0002_IIP_NAV_LOCAL_LATEST_V;GENNEMLYSNING;PRESENTATION;Udstilling af IIP NAV værdier i LOCAL Currency på den underliggende investering (USD, EUR, DKK, JPY etc);SUSANNE;DVR;CLAUS;1;
VIEW;MO;dbo;L0002_IIP_PERFORMANCE_L1_LATEST_V;GENNEMLYSNING;PRESENTATION;Udstilling af performance på level 1;SUSANNE;DVR;CLAUS;1;
VIEW;MO;dbo;L0002_IIP_PERFORMANCE_L2_LATEST_V;GENNEMLYSNING;PRESENTATION;Udstilling af performance på level 2;SUSANNE;DVR;CLAUS;1;
TABLE;MO;dbo;L0002_IIP_PERFORMANCE_LEVEL1;GENNEMLYSNING;WORK;Data fra SMTP placeret i denne tabel;SUSANNE;DVR;CLAUS;1;
TABLE;MO;dbo;L0002_IIP_PERFORMANCE_LEVEL2;GENNEMLYSNING;WORK;Data fra SMTP placeret i denne tabel;SUSANNE;DVR;CLAUS;1;
TABLE;MO;dbo;L0002_IIP_RISK_ASSESMENTS;GENNEMLYSNING;WORK;Data fra SMTP placeret i denne tabel;SUSANNE;DVR;CLAUS;1;
VIEW;MO;dbo;L0002_IIP_RISK_ASSESMENTS_LATEST_V;GENNEMLYSNING;PRESENTATION;Udstilling af seneste risk assesments for IIP investeringer;SUSANNE;DVR;CLAUS;1;
VIEW;MO;dbo;L0002_NPA_AFSTEMNING_V;GENNEMLYSNING;;;;;;1;
VIEW;MO;dbo;L0002_NPA_POSITION_REPORT_V;GENNEMLYSNING;;;;;;1;
TABLE;MO;dbo;L0003_JPM_BANKFILES;;;;;;;1;
VIEW;MO;dbo;L0003_JPM_BANKFILES_V;;;;;;;1;
TABLE;MO;dbo;L0003_MD_BANKS_OLD;;;;;;;1;
TABLE;MO;dbo;L0003_MD_KONTO_FORDELING;;;;;;;1;
TABLE;MO;dbo;L0003_MD_KONTO_MAPPING;;;;;;;1;
VIEW;MO;dbo;L0003_NORDEA_BANK_ACCOUNTS_CONTROLS_V;;;;;;;1;
VIEW;MO;dbo;L0003_NORDEA_BANK_ACCOUNTS_V;;;;;;;1;
TABLE;MO;dbo;L0003_NORDEA_BANKFILES;;;;;;;1;
VIEW;MO;dbo;L0003_NPA_BANK_ACCOUNTS_V;;;;;;;1;
TABLE;MO;dbo;L0004_ICE_CREDIT_INDICES_DATA;;;;;;;1;
VIEW;MO;dbo;L0004_ICE_CREDIT_INDICES_DATA_V;;;;;;;1;
TABLE;MO;dbo;L0004_ICE_GLOBAL_HY_RETURN;;;;;;;1;
VIEW;MO;dbo;L0004_ICE_GLOBAL_HY_RETURN_V;;;;;;;1;
TABLE;MO;dbo;L0004_ICE_HW0C_CONSTITUENTS;;;;;;;1;
VIEW;MO;dbo;L0004_ICE_HW0C_CONSTITUENTS_V;;;;;;;1;
TABLE;MO;dbo;L0004_ICE_HW0C_ESG_INDEXLEVEL;;;;;;;1;
VIEW;MO;dbo;L0004_ICE_HW0C_ESG_INDEXLEVEL_V;;;;;;;1;
TABLE;MO;dbo;L0004_ICE_INDEX_CONSTITUENTS;;;;;;;1;
VIEW;MO;dbo;L0004_ICE_INDEX_CONSTITUENTS_V;;;;;;;1;
TABLE;MO;dbo;L0004_ICE_RISKFREERATE;;;;;;;1;
VIEW;MO;dbo;L0004_ICE_RISKFREERATE_V;;;;;;;1;
TABLE;MO;dbo;L0004_MSCI_CONSTITUENTS_MARKETCLOSE;MSCI;PRESENTATION;Udstilling af constituents fra MSCI;;;;1;
TABLE;MO;dbo;L0004_MSCI_CONSTITUENTS_MARKETCLOSE_ADHOC;MSCI;PRESENTATION;Udstilling af constituents fra MSCI  (Adhoc forespørgsler);;;;1;
TABLE;MO;dbo;L0004_MSCI_FX_RATES;MSCI;PRESENTATION;Udstilling af FX rates fra MSCI;;;;1;
TABLE;MO;dbo;L0004_MSCI_INDEX_PRICE_HISTORY;MSCI;Måske OLD;SKAL UDSØGES NÆRMERE;;;;1;
TABLE;MO;dbo;L0004_MSCI_SECURITIES;MSCI;PRESENTATION;Udstilling af Security stamdata fra MSCI;;;;1;
TABLE;MO;dbo;L0005_GENLYS_FORCA_OLD;;;;;;;1;
TABLE;MO;dbo;L0005_TRS_VALUTADEKOMP_HISTORIK;;;;;;;1;
TABLE;MO;dbo;L0005_TRS_VALUTADEKOMP_HISTORIK_OLD;;;;;;;1;
TABLE;MO;dbo;L0005_TRS_VALUTADEKOMPONERING_FORCA_OLD;;;;;;;1;
TABLE;MO;dbo;L0008_RAMMER__PERIODE_KONFIGURATION;RAMMER;;;;;;1;
TABLE;MO;dbo;L0008_RAMMER_BESTYRELSE_GNS_RENTE;RAMMER;;;;;;1;
VIEW;MO;dbo;L0008_RAMMER_BESTYRELSE_V;RAMMER;;;;;;1;
TABLE;MO;dbo;L0008_RAMMER_CHECK_TRANS;RAMMER;;;;;;1;
VIEW;MO;dbo;L0008_RAMMER_CHECK_TRANS_V;RAMMER;;;;;;1;
TABLE;MO;dbo;L0008_RAMMER_FAKTISK_MANUAL_INDSAMLING;RAMMER;;;;;;1;
VIEW;MO;dbo;L0008_RAMMER_FAKTISK_MANUAL_INDSAMLING_V;RAMMER;;;;;;1;
VIEW;MO;dbo;L0008_RAMMER_INVESTERINGER_V;RAMMER;;;;;;1;
TABLE;MO;dbo;L0008_RAMMER_MANUEL_RISK_TAL;RAMMER;;;;;;1;
VIEW;MO;dbo;L0008_RAMMER_MODEL_PORTFOLIO_UNDTAGELSER_V;RAMMER;;;;;;1;
VIEW;MO;dbo;L0008_RAMMER_MODEL_PORTFOLIO_V;RAMMER;;;;;;1;
TABLE;MO;dbo;L0008_RAMMER_MP_UNDTAGELSE_MATRIX;RAMMER;;;;;;1;
TABLE;MO;dbo;L0008_RAMMER_PAL;RAMMER;;;;;;1;
TABLE;MO;dbo;L0008_RAMMER_RISIKO_STOD;RAMMER;;;;;;1;
TABLE;MO;dbo;L0008_RAMMER_SOURCE_MV;RAMMER;;;;;;1;
TABLE;MO;dbo;L0008_RAMMER_SOURCE_RISIKO_MP;RAMMER;;;;;;1;
TABLE;MO;dbo;L0008_RAMMER_SOURCE_VALUTAOPG;RAMMER;;;;;;1;
TABLE;MO;dbo;L0009_EMAILS_DOWNLOAD;EMAILS;WORK;Disse tabeller skal ikke udstilles i kateloget. ;;;;1;
TABLE;MO;dbo;L0009_EMAILS_DOWNLOAD_CONFIG;EMAILS;WORK;Disse tabeller skal ikke udstilles i kateloget. ;;;;1;
TABLE;MO;dbo;L0011_PRICE_CONFIG_BETA;PRICES/PRISER;WORK;;;;;1;
TABLE;MO;dbo;L0011_PRICE_CONFIG_CURRENCY_RATE_MAJINVEST;PRICES/PRISER;WORK;;;;;1;
VIEW;MO;dbo;L0011_PRICE_CONFIG_CURRENCY_RATE_MAJINVEST_V;PRICES/PRISER;WORK;;;;;1;
TABLE;MO;dbo;L0011_PRICE_CONFIG_FORECAST_PERIODS;PRICES/PRISER;WORK;;;;;1;
TABLE;MO;dbo;L0011_PRICE_CONFIG_ICE_KREDITINDEX;PRICES/PRISER;WORK;;;;;1;
VIEW;MO;dbo;L0011_PRICE_CONFIG_ICE_KREDITINDEX_V;PRICES/PRISER;WORK;;;;;1;
TABLE;MO;dbo;L0011_PRICE_CONFIG_ICE_RISKFREERATE_DENMARK_GOCT;PRICES/PRISER;WORK;;;;;1;
TABLE;MO;dbo;L0011_PRICE_CONFIG_INTEREST_3M_AVG;PRICES/PRISER;WORK;;;;;1;
VIEW;MO;dbo;L0011_PRICE_CONFIG_INTEREST_3M_AVG_V;PRICES/PRISER;WORK;;;;;1;
TABLE;MO;dbo;L0011_PRICE_CONFIG_MAPPING_CREDIT_SPREAD_RATING;PRICES/PRISER;WORK;;;;;1;
TABLE;MO;dbo;L0011_PRICE_CONFIG_SCD_PRICE_RESPONSIBLE;PRICES/PRISER;WORK;;;;;1;
TABLE;MO;dbo;L0011_PRICE_CONFIG_SCD_PRICE_RESPONSIBLE_OLD;PRICES/PRISER;WORK;;;;;1;
TABLE;MO;dbo;L0011_PRICE_CONFIG_TICKER_FROM_PRICES_SCD;PRICES/PRISER;WORK;;;;;1;
TABLE;MO;dbo;L0011_PRICE_CONFIG_TICKER_FROM_RISK;PRICES/PRISER;WORK;;;;;1;
TABLE;MO;dbo;L0011_PRICE_CONFIG_VERSIONID;PRICES/PRISER;WORK;;;;;1;
TABLE;MO;dbo;L0011_PRICE_DVR_ANSVARLIG;PRICES/PRISER;WORK;;;;;1;
TABLE;MO;dbo;L0011_PRICE_EARLIER_SETUP;PRICES/PRISER;WORK;;;;;1;
VIEW;MO;dbo;L0011_PRICE_EARLIER_SETUP_LATEST_V;PRICES/PRISER;WORK;;;;;1;
TABLE;MO;dbo;L0011_PRICE_M01_PRICE;PRICES/PRISER;WORK;;;;;1;
TABLE;MO;dbo;L0011_PRICE_M03_CASHFLOW;PRICES/PRISER;WORK;;;;;1;
TABLE;MO;dbo;L0011_PRICE_M03_CASHFLOW_FUNDED_AMOUNT;PRICES/PRISER;WORK;;;;;1;
TABLE;MO;dbo;L0011_PRICE_M04_NAV;PRICES/PRISER;WORK;;;;;1;
TABLE;MO;dbo;L0011_PRICE_M07__CREDIT_QUALITY_ASSESSMENT;PRICES/PRISER;WORK;;;;;1;
TABLE;MO;dbo;L0011_PRICE_M07__CREDIT_QUALITY_ASSESSMENT_PARAMETER;PRICES/PRISER;WORK;;;;;1;
TABLE;MO;dbo;L0011_PRICE_M07__CREDIT_QUALITY_ASSESSMENT_RATINGS;PRICES/PRISER;WORK;;;;;1;
TABLE;MO;dbo;L0011_PRICE_M07_ALGONQUIN-2022-1;PRICES/PRISER;WORK;;;;;1;
TABLE;MO;dbo;L0011_PRICE_M07_COLONNADE2023;PRICES/PRISER;WORK;;;;;1;
TABLE;MO;dbo;L0011_PRICE_M07_COLONNADE2023_CREDIT_EVENTS;PRICES/PRISER;WORK;;;;;1;
TABLE;MO;dbo;L0011_PRICE_M07_JUNON3;PRICES/PRISER;WORK;;;;;1;
TABLE;MO;dbo;L0011_PRICE_M07_JUNON4;PRICES/PRISER;WORK;;;;;1;
TABLE;MO;dbo;L0011_PRICE_M07_JUNON5;PRICES/PRISER;WORK;;;;;1;
TABLE;MO;dbo;L0011_PRICE_M07_L0011_PRICE_M07_RESONANCEX_CREDIT_EVENTS;PRICES/PRISER;WORK;;;;;1;
TABLE;MO;dbo;L0011_PRICE_M07_PKABNPRES4;PRICES/PRISER;WORK;;;;;1;
TABLE;MO;dbo;L0011_PRICE_M07_PKABNPRES4_CREDIT_EVENTS;PRICES/PRISER;WORK;;;;;1;
TABLE;MO;dbo;L0011_PRICE_M07_PKABNPRES4_OLD;PRICES/PRISER;WORK;;;;;1;
TABLE;MO;dbo;L0011_PRICE_M07_PKACOLON20-11-26;PRICES/PRISER;WORK;;;;;1;
TABLE;MO;dbo;L0011_PRICE_M07_PKACOLON20-11-26_CREDIT_EVENTS;PRICES/PRISER;WORK;;;;;1;
TABLE;MO;dbo;L0011_PRICE_M07_PKAAURELIA-11-26;PRICES/PRISER;WORK;;;;;1;
TABLE;MO;dbo;L0011_PRICE_M07_PROJECT-CANVAS;PRICES/PRISER;WORK;;;;;1;
TABLE;MO;dbo;L0011_PRICE_M07_RESONANCEX;PRICES/PRISER;WORK;;;;;1;
TABLE;MO;dbo;L0011_PRICE_M07_RESONANCEX_CREDIT_EVENTS;PRICES/PRISER;WORK;;;;;1;
TABLE;MO;dbo;L0011_PRICE_M07_TRAFIN2023;PRICES/PRISER;WORK;;;;;1;
TABLE;MO;dbo;L0011_PRICE_M07_XS2083950175;PRICES/PRISER;WORK;;;;;1;
TABLE;MO;dbo;L0011_PRICE_M07_XS2083950175_CREDIT_EVENTS;PRICES/PRISER;WORK;;;;;1;
TABLE;MO;dbo;L0011_PRICE_M90_ONBOARDING;PRICES/PRISER;WORK;;;;;1;
VIEW;MO;dbo;L0011_PRICE_RECON_NEW_OLD_SETUP_V;PRICES/PRISER;WORK;;;;;1;
TABLE;MO;dbo;L0011_PRICE_REPO;PRICES/PRISER;WORK;;;;;1;
TABLE;MO;dbo;L0011_PRICE_REPO_BETA_SIMULATION;PRICES/PRISER;WORK;;;;;1;
VIEW;MO;dbo;L0011_PRICE_REPO_BETA_SIMULATION_V;PRICES/PRISER;WORK;;;;;1;
TABLE;MO;dbo;L0011_PRICE_REPO_LOAD_INFO;PRICES/PRISER;WORK;;;;;1;
VIEW;MO;dbo;L0011_PRICE_REPO_V;PRICES/PRISER;PRESENTATION;Udstilling af pris data for alle prismetoder;SUSANNE;DVR;MAJKEN;1;
VIEW;MO;dbo;L0011_PRICE_REPO_V_OLD;PRICES/PRISER;WORK;;;;;1;
TABLE;MO;dbo;L0011_PRICE_REPO_VK_SIMULATION;PRICES/PRISER;WORK;;;;;1;
TABLE;MO;dbo;L0011_PRICE_SCD_PORTFOLIO_CALC;PRICES/PRISER;WORK;;;;;1;
VIEW;MO;dbo;L0011_PRICE_SCD_PORTFOLIO_CALC_KASSE_V;PRICES/PRISER;WORK;;;;;1;
VIEW;MO;dbo;L0011_PRICE_SCD_PORTFOLIO_CALC_PRICES_KS_VALIDATION_V;PRICES/PRISER;WORK;;;;;1;
VIEW;MO;dbo;L0011_PRICE_SCD_PORTFOLIO_CALC_V;PRICES/PRISER;WORK;;;;;1;
VIEW;MO;dbo;L0011_PRICE_SCD_PORTFOLIO_CALC_V_PRICES_KS;PRICES/PRISER;WORK;;;;;1;
TABLE;MO;dbo;L0011_PRICE_SCD_PRICES;PRICES/PRISER;WORK;;;;;1;
TABLE;MO;dbo;L0011_PRICE_SCD_TRANSACTIONS;PRICES/PRISER;WORK;;;;;1;
VIEW;MO;dbo;L0011_PRICE_SCD_TRANSACTIONS_END_OF_MONTH_V;PRICES/PRISER;WORK;;;;;1;
VIEW;MO;dbo;L0011_PRICE_SCD_TRANSACTIONS_END_OF_MONTH_V_20250617;PRICES/PRISER;WORK;;;;;1;
VIEW;MO;dbo;L0011_PRICE_TICKER_KEY_VALUES_V;PRICES/PRISER;WORK;;;;;1;
TABLE;MO;dbo;L0011_PRICE_TICKER_VALUES_FROM_RISK;PRICES/PRISER;WORK;;;;;1;
TABLE;MO;dbo;L0011_PRICE_TICKER_VALUES_MANUAL;PRICES/PRISER;WORK;;;;;1;
VIEW;MO;dbo;L0011_PRICE_TICKER_VALUES_V;PRICES/PRISER;WORK;;;;;1;
TABLE;MO;dbo;L0011_PRICE_TICKER_WEIGHT_MD;PRICES/PRISER;WORK;;;;;1;
TABLE;MO;FORCA\MZA;L0011_PRICES_DVR_ANSVARLIG;;;;;;;1;
TABLE;MO;dbo;L0012_BOARD_REP_CONFIG;;;;;;;1;
VIEW;MO;dbo;L0012_BOARD_REP_CONFIG_V;;;;;;;1;
TABLE;MO;dbo;L0012_BOARD_REP_KASSE_INFO;;;;;;;1;
TABLE;MO;dbo;L0012_BOARD_REP_T_MINUS_PERIODS;;;;;;;1;
TABLE;MO;dbo;L0012_PRICE_SCD_PRICES;;;;;;;1;
TABLE;MO;dbo;L0013_DEVOPS_WORKITEMS;DEVOPS;WORK;;;;;1;
TABLE;MO;dbo;L0013_DEVOPS_WORKITEMS_LINKS;DEVOPS;WORK;;;;;1;
VIEW;MO;dbo;L0013_DEVOPS_WORKITEMS_V;DEVOPS;PRESENTATION;;;;;1;
VIEW;MO;dbo;L0013_TASK_MANAGER_DEVOPS_IMPORT_V;DEVOPS;OLD;SKAL UDSØGES NÆRMERE;;;;1;
TABLE;MO;dbo;L0015_NEGATIVLISTE_INPUT;;;;;;;1;
TABLE;MO;dbo;L0015_NEGATIVLISTE_LANDE;;;;;;;1;
VIEW;MO;dbo;L0015_NEGATIVLISTE_LANDE_V;;;;;;;1;
VIEW;MO;dbo;L0015_NEGATIVLISTE_V;;;;;;;1;
TABLE;MO;dbo;L0015_OBSERVATIONSLISTE_LANDE;;;;;;;1;
VIEW;MO;dbo;L0015_OBSERVATIONSLISTE_LANDE_V;;;;;;;1;
VIEW;MO;dbo;L0016_FORCA_KONTROLLER_HAENDELSER_V;DET_GODE_SAMARBEJDE;PRESENTATION;Udstilling af hændelser ;;;;1;
TABLE;MO;dbo;L0016_FORCA_KONTROLLER_MD_ERK_3402;DET_GODE_SAMARBEJDE;WORK;;;;;1;
TABLE;MO;dbo;L0016_FORCA_KONTROLLER_MD_KONTROLLER_AS_IS;DET_GODE_SAMARBEJDE;WORK;;;;;1;
TABLE;MO;dbo;L0016_FORCA_KONTROLLER_MD_KONTROLLER_TO_BE;DET_GODE_SAMARBEJDE;WORK;;;;;1;
TABLE;MO;dbo;L0016_FORCA_KONTROLLER_MD_SLA;DET_GODE_SAMARBEJDE;WORK;;;;;1;
VIEW;MO;dbo;L0016_FORCA_KONTROLLER_SLA_KONTROLLER_V;DET_GODE_SAMARBEJDE;PRESENTATION;Udstilling af sammenhæng mellem SLA og relaterede kontroller;;;;1;
TABLE;MO;dbo;L0016_FORCA_KONTROLLER_T_FORCA_HAENDELSER;DET_GODE_SAMARBEJDE;WORK;;;;;1;
TABLE;MO;dbo;L0016_KONTROLLER_STAMDATA;KONTROLLER;WORK;Udstilling af stamdata på kontroller (Konfiguration) til automatiserede kontroller;;;;1;
TABLE;MO;dbo;L0016_KONTROLLER_TRANS;KONTROLLER;WORK;udslag på de automatiserede kontroller;;;;1;
VIEW;MO;dbo;L0016_KONTROLLER_V;KONTROLLER;PRESENTATION;Udstilling af udslag på kontroller;;;;1;
TABLE;MO;dbo;L0017_VK_AIP_MAPPING;VK;;;;;;1;
TABLE;MO;dbo;L0017_VK_AIP_VALUATION_BRIDGE_INPUT;VK;;;;;;1;
VIEW;MO;dbo;L0017_VK_AIP_VALUATION_BRIDGE_V;VK;;;;;;1;
TABLE;MO;dbo;L0017_VK_BACKTEST;VK;;;;;;1;
TABLE;MO;dbo;L0017_VK_BACKTEST_DETAILS;VK;;;;;;1;
TABLE;MO;dbo;L0017_VK_BACKTEST_DETAILS_OLD;VK;;;;;;1;
TABLE;MO;dbo;L0017_VK_CONFIGURATION_SEGMENTS_OLD;VK;;;;;;1;
TABLE;MO;dbo;L0017_VK_DATA_CALCULATED;VK;;;;;;1;
TABLE;MO;dbo;L0017_VK_DATA_FOR_REPORTING;VK;;;;;;1;
TABLE;MO;dbo;L0017_VK_REP_CONFIG;VK;;;;;;1;
TABLE;MO;dbo;L0017_VK_RESULT_MV_ESTIMAT;VK;;;;;;1;
VIEW;MO;dbo;L0017_VK_RESULT_MV_ESTIMAT_V;VK;;;;;;1;
TABLE;MO;dbo;L0017_VK_RESULT_MV_SCD;VK;;;;;;1;
TABLE;MO;dbo;L0017_VK_SCD_PORTFOLIO_CALC;VK;;;;;;1;
VIEW;MO;dbo;L0017_VK_SCD_PORTFOLIO_CALC_V;VK;;;;;;1;
TABLE;MO;dbo;L0017_VK_SCD_TRANSACTIONS;VK;;;;;;1;
VIEW;MO;dbo;L0017_VK_SCD_TRANSACTIONS_V;VK;;;;;;1;
TABLE;MO;dbo;L0017_VK_SECID_IN_SEGMENTS_OLD;VK;;;;;;1;
TABLE;MO;dbo;L0017_VK_SEGMENT_MAPPING;VK;;;;;;1;
TABLE;MO;dbo;L0017_VK_VALUEBRIDGE_AIP_DETAILS;VK;;;;;;1;
VIEW;MO;dbo;L0017_VK_VALUEBRIDGE_AIP_DETAILS_V;VK;;;;;;1;
TABLE;MO;dbo;L0017_VK_VALUEBRIDGE_MI_DETAILS;VK;;;;;;1;
TABLE;MO;dbo;L0017_VK_VALUEBRIDGE_MI_DETAILS_BACKUP;VK;;;;;;1;
TABLE;MO;dbo;L0018_TRIGGER_ALL_RESULTS;TRIGGER Overvågning;;;;;;1;
TABLE;MO;dbo;L0018_TRIGGERLIMITS_Total;TRIGGER Overvågning;;;;;;1;
TABLE;MO;dbo;L0018_Triggersetup_data;TRIGGER Overvågning;;;;;;1;
TABLE;MO;dbo;L0018_Triggersetup_data_BBG;TRIGGER Overvågning;;;;;;1;
TABLE;MO;dbo;L0019_EXTERNAL_DATA_CONFIG;;;;;;;1;
TABLE;MO;dbo;L0019_EXTERNAL_DATA_TECH_SETUP;;;;;;;1;
TABLE;MO;dbo;L0020_FILESHARE_SP_DOCUMENT_MAPPING;;;;;;;1;
VIEW;MO;dbo;L0020_SP_INVESTERINGER_V;;;;;;;1;
TABLE;MO;dbo;L0020_SP_SETUP_LIST;;;;;;;1;
TABLE;MO;dbo;L0020_SP_SETUP_LIST_STRUCTURES;;;;;;;1;
TABLE;MO;dbo;L0021_AARSHJUL_AKTIVITETER;;;;;;;1;
VIEW;MO;dbo;L0021_AARSHJUL_MONTH_V;;;;;;;1;
VIEW;MO;dbo;L0021_AARSHJUL_WEEK_V;;;;;;;1;
VIEW;MO;dbo;L0022_SANCTION_FULL_LIST_V;;;;;;;1;
TABLE;MO;dbo;L0022_SANCTION_QUESTIONNAIRE;;;;;;;1;
VIEW;MO;dbo;L0022_SANCTION_QUESTIONNAIRE_V;;;;;;;1;
TABLE;MO;dbo;L0022_SANCTION_SENDTO_LIST;;;;;;;1;
TABLE;MO;dbo;L0023_AD_GROUPS;;;;;;;1;
TABLE;MO;dbo;L0023_AD_GROUPS_MEMBERS;;;;;;;1;
TABLE;MO;dbo;L0023_AD_USERS;;;;;;;1;
TABLE;MO;dbo;L0023_FILESHARE_MAPPING;;;;;;;1;
TABLE;MO;dbo;L0023_FILESHARE_PERMISSIONS;;;;;;;1;
TABLE;MO;dbo;L0023_FILESHARE_PERMISSIONS_DECODE;;;;;;;1;
VIEW;MO;dbo;L0023_FILESHARE_PERMISSIONS_WITH_MEMBERS_V;;;;;;;1;
VIEW;MO;dbo;L0023_FILESHARE_PERMISSIONS_WITHOUT_MEMBERS_V;;;;;;;1;
VIEW;MO;dbo;L0024_BITools_Performance_v;;;;;;;1;
TABLE;MO;dbo;L0024_DW_FactRiskAnalyticScaled;;;;;;;1;
TABLE;MO;dbo;L0024_NUV_PERFORMANCE;;;;;;;1;
TABLE;MO;dbo;L0024_NUV_RENTE_RISK_OLD;;;;;;;1;
TABLE;MO;dbo;L0024_NUV_RENTE_RISK_PROD;;;;;;;1;
TABLE;MO;dbo;L0024_NUV_RENTE_RISK_TEST;;;;;;;1;
TABLE;MO;dbo;L0024_NUV_RENTE_STRESS_OLD;;;;;;;1;
TABLE;MO;dbo;L0024_NUV_RENTE_STRESS_PROD;;;;;;;1;
TABLE;MO;dbo;L0024_NUV_RENTE_STRESS_TEST;;;;;;;1;
TABLE;MO;dbo;L0024_RECON_01_PERFORMANCE;;;;;;;1;
TABLE;MO;dbo;L0024_RECON_01_PERFORMANCE_CURRENT_RAP;;;;;;;1;
TABLE;MO;dbo;L0024_RECON_01_PERFORMANCE_SECURITY;;;;;;;1;
TABLE;MO;dbo;L0024_RECON_02_PORTFOLIO_CALC;;;;;;;1;
TABLE;MO;dbo;L0024_RECON_02_PORTFOLIO_CALC_CURRENT_RAP;;;;;;;1;
TABLE;MO;dbo;L0024_RECON_03_VALUTAEKSPONERING;;;;;;;1;
TABLE;MO;dbo;L0024_RECON_04_PERFORMANCE_SECURITY;;;;;;;1;
TABLE;MO;dbo;L0024_RECON_05A_RISK;;;;;;;1;
TABLE;MO;dbo;L0024_RECON_ENGINE__CONFIG;;;;;;;1;
TABLE;MO;dbo;L0024_RECON_ENGINE__SEQUENCE;;;;;;;1;
TABLE;MO;dbo;L0025_EOS_ENGAGEMENTS;;;;;;;1;
TABLE;MO;dbo;L0025_GICS_IMPACT_CLASSIFICATION;;;;;;;1;
TABLE;MO;dbo;L0025_MSCI_ESG_DATA;;;;;;;1;
TABLE;MO;dbo;L0025_MSCI_INDEX_REVIEW_DATES;;;;;;;1;
VIEW;MO;dbo;L0025_MSCI_ISSUER_DATA_V;;;;;;;1;
TABLE;MO;dbo;L0026_BENCHMARK_CALC;;;;;;;1;
TABLE;MO;dbo;L0027_SKAT_LEMPELSE_HJÆLPEARK;;;;;;;1;
TABLE;MO;dbo;L0027_SKAT_LEMPELSE_KONTROL_OUTPUT;;;;;;;1;
TABLE;MO;dbo;L0027_SKAT_LEMPELSE_RENTE__RENSET_TIL_LEMPELSESBEREGNING;;;;;;;1;
TABLE;MO;dbo;L0027_SKAT_LEMPELSE_RENTE_0_BELØB;;;;;;;1;
TABLE;MO;dbo;L0027_SKAT_LEMPELSE_RENTE_DBO_SATSER;;;;;;;1;
TABLE;MO;dbo;L0027_SKAT_LEMPELSE_RENTE_NEGATIVE_POST;;;;;;;1;
TABLE;MO;dbo;L0027_SKAT_LEMPELSE_RENTE_NPA;;;;;;;1;
TABLE;MO;dbo;L0027_SKAT_LEMPELSE_RENTE_RENTE_MEN_0_SKAT;;;;;;;1;
TABLE;MO;dbo;L0027_SKAT_LEMPELSE_RENTE_UKENDT_LAND;;;;;;;1;
TABLE;MO;dbo;L0027_SKAT_LEMPELSE_UDBYTTE_0_BELØB;;;;;;;1;
TABLE;MO;dbo;L0027_SKAT_LEMPELSE_UDBYTTE_0_SKATTESATS;;;;;;;1;
TABLE;MO;dbo;L0027_SKAT_LEMPELSE_UDBYTTE_DBO_SATSER;;;;;;;1;
TABLE;MO;dbo;L0027_SKAT_LEMPELSE_UDBYTTE_EI_GRUPPE_3;;;;;;;1;
TABLE;MO;dbo;L0027_SKAT_LEMPELSE_UDBYTTE_EII_GRUPPE_4;;;;;;;1;
TABLE;MO;dbo;L0027_SKAT_LEMPELSE_UDBYTTE_EIII_GRUPPE_5;;;;;;;1;
TABLE;MO;dbo;L0027_SKAT_LEMPELSE_UDBYTTE_EIV_GRUPPE_6;;;;;;;1;
TABLE;MO;dbo;L0027_SKAT_LEMPELSE_UDBYTTE_EV_GRUPPE_7;;;;;;;1;
TABLE;MO;dbo;L0027_SKAT_LEMPELSE_UDBYTTE_EVI_GRUPPE_8;;;;;;;1;
TABLE;MO;dbo;L0027_SKAT_LEMPELSE_UDBYTTE_NPA;;;;;;;1;
TABLE;MO;dbo;L0027_SKAT_LEMPELSE_UDBYTTE_POSTER_VEDR_FORRIG_AAR;;;;;;;1;
TABLE;MO;dbo;L0027_SKAT_LEMPELSE_UDBYTTE_RENSET_TIL_LEMPELSESBEREGNING;;;;;;;1;
TABLE;MO;dbo;L0027_SKAT_LEMPELSE_UDBYTTE_UDBYTTE_MEN_0_SKAT;;;;;;;1;
TABLE;MO;dbo;L0027_SKAT_LEMPELSE_UDBYTTE_UKENDT_LAND;;;;;;;1;
TABLE;MO;dbo;L9998_FORCA_DW_DATACHECK_202406;;;;;;;1;
TABLE;MO;dbo;L9998_LOAD_CSV_FILES;;;;;;;1;
TABLE;MO;dbo;L9998_PERFORMANCE_CALC_LOAD_DATA_010_RAW;;;;;;;1;
TABLE;MO;dbo;L9998_PERFORMANCE_CALC_LOAD_DATA_018_PRE_LENS;;;;;;;1;
TABLE;MO;dbo;L9998_PERFORMANCE_CALC_LOAD_DATA_020_LENS;;;;;;;1;
TABLE;MO;dbo;L9998_SHAREPOINT_SITES;;;;;;;1;
VIEW;MO;dbo;L9999_21_MARKEDSRENTE_ALLOKERING_V;;;;;;;1;
TABLE;MO;dbo;L9999_BJC_TEST;;;;;;;1;
TABLE;MO;dbo;L9999_FORCA_DW_DATACHECK;;;;;;;1;
TABLE;MO;dbo;L9999_FORCA_DW_DATACHECK_202406;;;;;;;1;
TABLE;MO;dbo;L9999_MSCI_ESG_INDUSTRIES;;;;;;;1;
TABLE;MO;dbo;L9999_PERFORMANCE_CALC_PKA_MZA;;;;;;;1;
TABLE;MO;dbo;L9999_TEST_0001_DW_TRANS;;;;;;;1;
TABLE;MO;dbo;L9999_TEST_0001_SCD_TRANS;;;;;;;1;
TABLE;MO;dbo;L9999_TEST_0002_DW_BEHOLDNINGER;;;;;;;1;
TABLE;MO;dbo;L9999_TEST_0002_SCD_DIMENSION;;;;;;;1;
TABLE;MO;dbo;L9999_TEST_0003_DW_BEHOLDNINGER;;;;;;;1;
TABLE;MO;dbo;L9999_TEST_0003_DW_CASH;;;;;;;1;
TABLE;MO;dbo;L9999_TRAIN_PERFORMANCE;;;;;;;1;
TABLE;MO;dbo;Likviditetsberedskab;;;;;;;1;
TABLE;MO;dbo;Markedsrenteafkast;;;;;;;1;
TABLE;MO;dbo;MP_Risiorammer_Mapning;;;;;;;1;
TABLE;MO;dbo;MR_allokeringer;;;;;;;1;
TABLE;MO;dbo;MR_profiler;;;;;;;1;
TABLE;MO;dbo;NPA_Position_report;;;;;;;1;
VIEW;MO;dbo;OLD_20260115_L0001_PERFORMANCE_CALC_RAP_V_LATEST_BACKUP_20241018;;;;;;;1;
VIEW;MO;dbo;OLD_20260115_L0001_PERFORMANCE_CALC_RAP_V_LATEST_DEBUG;;;;;;;1;
TABLE;MO;dbo;OLD_20260115_L0002_IIP_MD_INVESTMENT_OLD2;;;;;;;1;
TABLE;MO;dbo;OLD_L0001_PERFORMANCE_CALC_LOAD_DATA_020_LENS_FONDSDW_REVIEW;;;;;;;1;
TABLE;MO;dbo;OLD_L0004_MSCI_ESG_ISSUERS;;;;;;;1;
TABLE;MO;dbo;OLD_L0011_PRICE_CONFIG_IIP_KS;;;;;;;1;
TABLE;MO;dbo;OLD_L0011_PRICE_M03_CASHFLOW_PERIODS;;;;;;;1;
TABLE;MO;dbo;OLD_L0015_NEGATIVLISTE_ESG_MANAGER_ISIN_ISSUER;;;;;;;1;
VIEW;MO;dbo;OLD_L0015_NEGATIVLISTE_ESG_MANAGER_ISIN_ISSUER_LATEST_V;;;;;;;1;
TABLE;MO;dbo;OLD10_L0002_03_HY_OTHER;;;;;;;1;
TABLE;MO;dbo;Pengemarkedslines;;;;;;;1;
TABLE;MO;FORCA\CHHN;Projects;;;;;;;1;
TABLE;MO;dbo;RAPagg;;;;;;;1;
TABLE;MO;dbo;RAPdata;;;;;;;1;
TABLE;MO;dbo;RAPStruktur;;;;;;;1;
TABLE;MO;dbo;Sektor_Mapping_ESOK;;;;;;;1;
VIEW;MO;dbo;senesteversion;;;;;;;1;
TABLE;MO;dbo;Stamdata;;;;;;;1;
TABLE;MO;dbo;sysdiagrams;;;;;;;1;
TABLE;MO;dbo;TRS_tabel;;;;;;;1;
TABLE;MO;dbo;Versioner;;;;;;;1;
